{"cameraMode":{"drawMode":0,"name":"Shaded","section":"Shading Mode"},"sceneLighting":false,"audioPlay":false,"sceneViewState":{"m_AlwaysRefresh":false,"showFog":true,"showSkybox":false,"showFlares":true,"showImageEffects":true,"showParticleSystems":true,"showVisualEffectGraphs":true,"m_FxEnabled":true},"in2DMode":false,"pivot":{"x":14.12012004852295,"y":1.4794957637786866,"z":32.49837112426758},"rotation":{"x":-0.04380042105913162,"y":0.0009046097984537482,"z":-0.00004279694621800445,"w":-0.9990156292915344},"size":2.309091567993164,"orthographic":false}